<?xml version="1.0" encoding="UTF-8" standalone="yes"?>
<addon id="KingKongRepo" name="King Kong Repo" version="0.0.1" provider-name="123KingKong">
    <extension point="xbmc.addon.repository" name="King Kong Repo">
        <dir>
            <info compressed="false">https://raw.githubusercontent.com/123KingKong/KIngKongRepo/master/repo/zips/addons.xml</info>
            <checksum>https://raw.githubusercontent.com/123KingKong/KingKongRepo/master/repo/zips/addons.xml.md5</checksum>
            <datadir zip="true">https://raw.githubusercontent.com/123KingKong/KingKongRepo/master/repo/zips/</datadir>
        </dir>
    </extension>
    <extension point="xbmc.addon.metadata">
        <summary>King Kong Repo</summary>
        <description>Offical King Kong Repo</description>
        <disclaimer></disclaimer>
        <platform>all</platform>
        <assets>
            <icon>icon.png</icon>
            <fanart>fanart.jpg</fanart>
        </assets>
    </extension>
</addon>